{"mean": [12.971478873239436, 2.34, 2.364859154929578, 19.625352112676055, 99.63380281690141, 2.2737323943661973, 1.9853521126760565, 0.36014084507042254, 1.6002112676056337, 4.98964788028169, 0.948985915492958, 2.6061971830985917, 739.4788732394367], "scale": [0.7996900343021106, 1.0974002569453234, 0.26743364562177563, 3.368922522190694, 14.884758663416786, 0.6192619518482813, 0.9485939646758671, 0.11879077307728886, 0.577731684286028, 2.3267108994616588, 0.22584723073930435, 0.6872170171965036, 300.43552232515174], "feature_names": ["alcohol", "malic_acid", "ash", "alcalinity_of_ash", "magnesium", "total_phenols", "flavanoids", "nonflavanoid_phenols", "proanthocyanins", "color_intensity", "hue", "od280/od315_of_diluted_wines", "proline"]}